alder;kjoenn;diagnose;Konsultasjoner 2012;Konsultasjoner 2013;Konsultasjoner 2014;Konsultasjoner 2015;Konsultasjoner 2016;Konsultasjoner 2017;Konsultasjoner 2018;Konsultasjoner 2019;Konsultasjoner 2020;Konsultasjoner 2021;Konsultasjoner 2022
0-5 aar;Menn;Alle diagnoser;365273;348511;357907;344792;346692;342945;332048;332579;283769;333103;363662
0-5 aar;Menn;Luftveisinfeksjoner, inkl. oerebetennelse;143885;127065;129882;121264;123983;118457;112191;110898;64025;90349;102749
0-5 aar;Menn;Lokale smerter og betennelser;5299;5364;5289;5337;5598;5586;5726;5667;5840;5807;5826
0-5 aar;Menn;Ryggproblemer;167;186;188;180;161;170;159;162;150;176;154
0-5 aar;Menn;Generelle smerter og muskelplager;395;345;348;357;349;346;333;308;348;390;413
0-5 aar;Menn;Ledd- og giktsykdommer;325;303;278;256;289;298;297;250;255;255;303
0-5 aar;Menn;Psykisk sykdom eller lidelse;4234;4303;4673;4821;5055;5112;5226;5664;6870;7529;7296
0-5 aar;Menn;Atopi, astma, allergi eller eksem;33457;33606;34887;34387;35743;37793;37238;37873;38262;43042;40473
0-5 aar;Menn;Hoeyt blodtrykk;6;10;14;11;15;4;4;4;14;4;6
0-5 aar;Menn;Hjertesykdom;441;406;469;440;392;377;375;401;362;348;394
0-5 aar;Menn;Diabetes;52;78;73;62;72;61;54;61;80;66;106
0-5 aar;Menn;Kreft;12;32;27;49;41;63;51;42;45;65;26
0-5 aar;Menn;Underlivsplager hos kvinner;.;.;.;.;.;.;.;.;.;.;.
0-5 aar;Menn;Funksjonelle mage-tarmplager;18441;19404;20091;20517;20391;20799;21308;21505;20819;23573;26964
0-5 aar;Menn;Hudinfeksjoner;11459;11399;11473;11651;10878;11284;11000;11082;10148;8933;8524
0-5 aar;Menn;Ulykker og skader;13141;13357;13481;13054;12906;12937;12717;12479;11884;11502;10141
0-5 aar;Menn;Medfoedt sykdom eller feil;2318;2403;2363;2176;2270;2489;2373;2377;2633;2689;2312
0-5 aar;Menn;Svangerskap, foedsel, prevensjon;.;.;.;.;.;.;.;.;.;.;.
0-5 aar;Menn;Frykt for sykdom;2362;2611;2778;2695;2641;2765;2683;2709;9275;5305;3244
0-5 aar;Menn;Administrativ kontakt;3541;3864;4360;4643;4818;3989;4446;6747;11299;13881;14240
0-5 aar;Menn;Forebyggende kontakt;4940;8355;8765;9260;9970;9997;9685;9387;7882;9069;10053
0-5 aar;Menn;Andre diagnoser;120685;115287;118321;113481;110971;110194;105976;104755;93323;109851;130225
0-5 aar;Kvinner;Alle diagnoser;324841;306712;311237;297753;299100;294223;284199;286608;244793;288518;313812
0-5 aar;Kvinner;Luftveisinfeksjoner, inkl. oerebetennelse;124943;109896;111314;102267;105806;99935;94230;93737;53901;77866;85774
0-5 aar;Kvinner;Lokale smerter og betennelser;4266;4333;4519;4450;4587;4708;4463;4496;4613;4667;4571
0-5 aar;Kvinner;Ryggproblemer;194;200;187;160;173;174;164;179;181;168;170
0-5 aar;Kvinner;Generelle smerter og muskelplager;325;316;322;348;310;309;271;262;328;330;340
0-5 aar;Kvinner;Ledd- og giktsykdommer;357;358;400;321;373;364;324;229;285;236;291
0-5 aar;Kvinner;Psykisk sykdom eller lidelse;2564;2621;2756;2821;2853;2971;3022;3181;3755;4205;3824
0-5 aar;Kvinner;Atopi, astma, allergi eller eksem;26131;25716;26550;26198;27286;29334;29115;29512;30296;33619;32595
0-5 aar;Kvinner;Hoeyt blodtrykk;4;8;6;3;0;5;6;10;3;11;8
0-5 aar;Kvinner;Hjertesykdom;373;374;350;375;342;320;361;314;294;274;290
0-5 aar;Kvinner;Diabetes;52;57;77;82;55;49;48;39;53;71;86
0-5 aar;Kvinner;Kreft;73;54;51;30;47;25;36;26;31;58;24
0-5 aar;Kvinner;Underlivsplager hos kvinner;1596;1625;1748;1725;1692;1655;1714;1846;1834;1764;1756
0-5 aar;Kvinner;Funksjonelle mage-tarmplager;18231;18759;19357;19919;19499;20389;21090;21197;20948;23564;26621
0-5 aar;Kvinner;Hudinfeksjoner;11232;10780;10890;11018;10593;10835;10062;10447;9636;8491;8023
0-5 aar;Kvinner;Ulykker og skader;9972;10116;10071;9642;9541;9370;9239;8979;8676;8293;7456
0-5 aar;Kvinner;Medfoedt sykdom eller feil;1625;1545;1507;1439;1509;1480;1557;1575;1721;1700;1547
0-5 aar;Kvinner;Svangerskap, foedsel, prevensjon;.;.;.;.;.;.;.;.;.;.;.
0-5 aar;Kvinner;Frykt for sykdom;2338;2429;2329;2227;2267;2211;2327;2259;7920;4774;2680
0-5 aar;Kvinner;Administrativ kontakt;3384;3577;3873;4120;4153;3402;3924;5726;10155;12173;12527
0-5 aar;Kvinner;Forebyggende kontakt;4100;7181;7710;8049;8483;8284;8158;8201;6599;7610;8681
0-5 aar;Kvinner;Andre diagnoser;112973;106637;107101;102422;99376;98240;93908;94213;83343;98394;116363
6-15 aar;Menn;Alle diagnoser;341892;337637;353400;355152;367637;375400;374460;380031;398577;437957;445821
6-15 aar;Menn;Luftveisinfeksjoner, inkl. oerebetennelse;65790;57994;53912;57957;63562;62752;59957;55588;42883;33354;53789
6-15 aar;Menn;Lokale smerter og betennelser;25393;25908;27563;27839;28311;29178;27785;28914;26683;30821;30170
6-15 aar;Menn;Ryggproblemer;3180;3072;3469;3359;3389;3531;3269;3278;2935;3385;3404
6-15 aar;Menn;Generelle smerter og muskelplager;1757;1873;1979;1929;1819;1802;1618;1728;1507;1640;1728
6-15 aar;Menn;Ledd- og giktsykdommer;2571;2589;2795;2679;2925;2913;2591;2663;2558;2649;2549
6-15 aar;Menn;Psykisk sykdom eller lidelse;26775;26736;27625;28702;29376;31946;31983;33679;38781;45358;46831
6-15 aar;Menn;Atopi, astma, allergi eller eksem;34342;32325;37442;35246;35943;37593;36961;40568;46449;46888;41322
6-15 aar;Menn;Hoeyt blodtrykk;51;41;35;43;40;23;41;40;49;61;44
6-15 aar;Menn;Hjertesykdom;337;356;367;341;334;312;325;322;391;409;342
6-15 aar;Menn;Diabetes;351;439;423;396;411;375;432;405;571;564;579
6-15 aar;Menn;Kreft;84;90;81;102;113;105;97;98;148;132;153
6-15 aar;Menn;Underlivsplager hos kvinner;.;.;.;.;.;.;.;.;.;.;.
6-15 aar;Menn;Funksjonelle mage-tarmplager;18420;20204;21370;21589;23302;24024;25482;25675;24588;25948;28689
6-15 aar;Menn;Hudinfeksjoner;21921;22433;24117;24159;24219;24559;25807;26211;25595;24927;23439
6-15 aar;Menn;Ulykker og skader;23987;24169;25246;24632;24825;24986;24200;23813;21284;22976;21629
6-15 aar;Menn;Medfoedt sykdom eller feil;2864;2989;3012;2911;2808;2927;2925;2851;3260;3654;3277
6-15 aar;Menn;Svangerskap, foedsel, prevensjon;.;.;.;.;.;.;.;.;.;.;.
6-15 aar;Menn;Frykt for sykdom;2038;2074;2158;2155;2137;2411;2233;2439;12255;7939;3465
6-15 aar;Menn;Administrativ kontakt;3741;4144;4872;5389;5460;4805;5338;7591;14510;17388;17881
6-15 aar;Menn;Forebyggende kontakt;5588;8330;9416;9823;10633;10631;11064;11339;11201;12735;14095
6-15 aar;Menn;Andre diagnoser;102631;101808;107425;105814;107954;110423;112248;112744;122834;157057;152345
6-15 aar;Kvinner;Alle diagnoser;354869;353790;370289;369964;379113;387187;384156;393115;413281;457940;455616
6-15 aar;Kvinner;Luftveisinfeksjoner, inkl. oerebetennelse;68846;59834;56461;58573;63768;62059;59083;54794;41179;31884;50777
6-15 aar;Kvinner;Lokale smerter og betennelser;29013;30167;32706;33150;32989;33600;31852;32520;29475;31435;30176
6-15 aar;Kvinner;Ryggproblemer;4241;4658;4947;4887;4811;4746;4103;4182;3852;4140;3987
6-15 aar;Kvinner;Generelle smerter og muskelplager;1968;2009;2178;2004;2012;1873;1646;1723;1615;1630;1567
6-15 aar;Kvinner;Ledd- og giktsykdommer;2565;2438;2768;2722;2758;2927;2743;2914;2706;2636;2463
6-15 aar;Kvinner;Psykisk sykdom eller lidelse;17053;17758;19058;19765;20430;22062;22684;24264;30487;40209;37631
6-15 aar;Kvinner;Atopi, astma, allergi eller eksem;29539;28677;32574;31847;32103;33978;33987;36890;40209;42063;37780
6-15 aar;Kvinner;Hoeyt blodtrykk;10;20;25;27;64;24;26;20;30;25;30
6-15 aar;Kvinner;Hjertesykdom;312;360;339;286;302;314;277;323;300;324;285
6-15 aar;Kvinner;Diabetes;405;378;346;361;336;348;436;384;526;477;500
6-15 aar;Kvinner;Kreft;147;114;81;142;140;92;87;103;96;114;134
6-15 aar;Kvinner;Underlivsplager hos kvinner;4874;5185;5312;5239;5371;6078;6476;7360;8353;9253;8966
6-15 aar;Kvinner;Funksjonelle mage-tarmplager;22667;24779;26454;26082;27319;28639;29192;29914;30403;32140;34722
6-15 aar;Kvinner;Hudinfeksjoner;25342;25589;27681;27167;27379;26819;27574;29067;27719;27199;25000
6-15 aar;Kvinner;Ulykker og skader;19730;20535;20753;20189;20441;20696;19977;19463;17391;18193;16523
6-15 aar;Kvinner;Medfoedt sykdom eller feil;2199;2139;2285;2180;1977;1934;2084;1981;2387;2513;2252
6-15 aar;Kvinner;Svangerskap, foedsel, prevensjon;1701;1673;1703;1782;1967;2186;2209;2610;2879;2938;2514
6-15 aar;Kvinner;Frykt for sykdom;2054;2167;2206;2128;2161;2377;2303;2335;11315;7863;3546
6-15 aar;Kvinner;Administrativ kontakt;3404;3803;4465;4728;4917;4429;4855;6784;14205;17962;18142
6-15 aar;Kvinner;Forebyggende kontakt;5455;8065;8980;9401;10250;10467;10481;10941;10654;12489;13642
6-15 aar;Kvinner;Andre diagnoser;113344;113442;118967;117304;117618;121539;122081;124543;137500;172453;164979
16-19 aar;Menn;Alle diagnoser;161616;158668;163529;166732;195368;223318;228471;229497;181215;206879;229705
16-19 aar;Menn;Luftveisinfeksjoner, inkl. oerebetennelse;29846;26418;25135;28207;41919;57918;59965;59664;24377;25598;47908
16-19 aar;Menn;Lokale smerter og betennelser;13560;13616;13604;14047;14456;14859;14962;14954;12493;14554;14291
16-19 aar;Menn;Ryggproblemer;4136;3888;3990;4009;3987;4591;4249;4269;3378;3693;3823
16-19 aar;Menn;Generelle smerter og muskelplager;1238;1085;1140;1185;1252;1243;1168;1180;900;999;974
16-19 aar;Menn;Ledd- og giktsykdommer;820;823;840;880;849;866;921;843;764;745;726
16-19 aar;Menn;Psykisk sykdom eller lidelse;16189;16739;17024;17155;18989;21356;23006;23189;21996;23577;24088
16-19 aar;Menn;Atopi, astma, allergi eller eksem;10458;9860;11118;10472;11641;11838;11744;12812;11146;11301;10888
16-19 aar;Menn;Hoeyt blodtrykk;117;103;109;134;120;100;88;72;92;105;118
16-19 aar;Menn;Hjertesykdom;315;281;236;197;212;213;227;220;174;208;226
16-19 aar;Menn;Diabetes;446;434;467;458;504;414;431;479;406;472;368
16-19 aar;Menn;Kreft;138;158;122;78;86;53;72;101;110;104;119
16-19 aar;Menn;Underlivsplager hos kvinner;.;.;.;.;.;.;.;.;.;.;.
16-19 aar;Menn;Funksjonelle mage-tarmplager;6152;6235;6752;6740;8841;10816;11329;11392;7436;7395;8495
16-19 aar;Menn;Hudinfeksjoner;6386;6526;6991;7066;7499;7591;7640;7679;8034;8283;8258
16-19 aar;Menn;Ulykker og skader;10886;10692;10578;10557;11356;11282;11762;11302;9224;9628;9726
16-19 aar;Menn;Medfoedt sykdom eller feil;905;918;946;892;948;1007;960;944;984;1074;1044
16-19 aar;Menn;Svangerskap, foedsel, prevensjon;.;.;.;.;.;.;.;.;.;.;.
16-19 aar;Menn;Frykt for sykdom;1496;1542;1549;1450;1470;1520;1530;1521;6930;5127;2105
16-19 aar;Menn;Administrativ kontakt;3344;3472;3970;4143;4953;5298;5652;6394;5931;7911;10143
16-19 aar;Menn;Forebyggende kontakt;1755;3151;3491;3642;4452;4517;4695;4770;3506;4486;5595
16-19 aar;Menn;Andre diagnoser;53360;52669;55378;55337;61759;67751;67969;67616;63240;81522;80694
16-19 aar;Kvinner;Alle diagnoser;261361;261184;271523;276514;303036;337380;337082;344989;291371;328006;350631
16-19 aar;Kvinner;Luftveisinfeksjoner, inkl. oerebetennelse;43295;38459;37416;41308;55730;73628;73064;76223;32259;35888;61713
16-19 aar;Kvinner;Lokale smerter og betennelser;17040;17456;17849;17671;17391;17439;16390;16831;14268;15442;15249
16-19 aar;Kvinner;Ryggproblemer;5474;5335;5527;5346;5626;5649;5185;5137;4353;4641;4372
16-19 aar;Kvinner;Generelle smerter og muskelplager;1880;1955;1986;1981;1874;1837;1716;1650;1433;1457;1442
16-19 aar;Kvinner;Ledd- og giktsykdommer;1450;1516;1475;1559;1418;1545;1503;1554;1361;1528;1282
16-19 aar;Kvinner;Psykisk sykdom eller lidelse;25388;25875;26964;28708;30745;34673;35675;36505;35410;42760;42061
16-19 aar;Kvinner;Atopi, astma, allergi eller eksem;13261;13052;14445;14332;15053;15894;16085;17253;15663;15829;14533
16-19 aar;Kvinner;Hoeyt blodtrykk;120;132;130;142;101;140;99;85;121;85;98
16-19 aar;Kvinner;Hjertesykdom;267;256;267;301;268;203;217;227;230;267;234
16-19 aar;Kvinner;Diabetes;479;534;535;500;565;482;450;441;506;466;475
16-19 aar;Kvinner;Kreft;102;116;115;107;134;104;67;75;98;108;83
16-19 aar;Kvinner;Underlivsplager hos kvinner;11078;11740;12292;12134;12364;13003;13364;13852;13594;14261;14845
16-19 aar;Kvinner;Funksjonelle mage-tarmplager;14357;14511;15337;14601;16282;19127;19187;20037;15688;16469;17426
16-19 aar;Kvinner;Hudinfeksjoner;7418;7416;7615;7457;7502;7704;7729;7941;9125;8818;8253
16-19 aar;Kvinner;Ulykker og skader;8613;8452;8426;8584;8824;8977;9141;8908;7223;7959;7698
16-19 aar;Kvinner;Medfoedt sykdom eller feil;707;784;807;763;733;828;783;787;791;837;809
16-19 aar;Kvinner;Svangerskap, foedsel, prevensjon;17789;17821;18097;18698;18778;18030;17716;16470;17143;16653;14480
16-19 aar;Kvinner;Frykt for sykdom;2329;2432;2451;2432;2235;2162;2112;2183;9370;6714;2576
16-19 aar;Kvinner;Administrativ kontakt;4705;4824;5724;5811;6658;6779;7337;9026;9027;12622;15244
16-19 aar;Kvinner;Forebyggende kontakt;3441;5311;5752;6168;6534;6913;6539;6652;5466;6714;7615
16-19 aar;Kvinner;Andre diagnoser;82168;83207;88313;87911;94221;102263;102723;103152;98242;118488;120143
20-29 aar;Menn;Alle diagnoser;487165;491125;510898;522398;530079;549495;559221;579670;619282;661509;675208
20-29 aar;Menn;Luftveisinfeksjoner, inkl. oerebetennelse;62144;57389;54761;57323;61623;64145;64522;68059;51666;49858;77370
20-29 aar;Menn;Lokale smerter og betennelser;48357;49215;50440;51490;49662;50549;50179;50166;47469;53881;49931
20-29 aar;Menn;Ryggproblemer;26992;26881;27700;27847;26853;28058;27167;26965;26049;28783;26297
20-29 aar;Menn;Generelle smerter og muskelplager;4793;4646;4786;4887;4834;4811;4560;4595;4438;4647;4658
20-29 aar;Menn;Ledd- og giktsykdommer;3104;2992;3110;3342;3200;3357;3401;3336;3128;3263;2773
20-29 aar;Menn;Psykisk sykdom eller lidelse;76450;77470;80492;84728;87322;94361;99087;105135;111690;119764;115903
20-29 aar;Menn;Atopi, astma, allergi eller eksem;21606;21219;24501;23925;24166;25459;24662;29025;28714;28920;24834
20-29 aar;Menn;Hoeyt blodtrykk;1898;1959;1821;1748;1789;1693;1705;1780;1627;1789;1693
20-29 aar;Menn;Hjertesykdom;1390;1493;1415;1295;1347;1310;1230;1226;1146;1174;986
20-29 aar;Menn;Diabetes;2452;2830;2632;2666;2785;2875;2882;2608;2866;2995;2821
20-29 aar;Menn;Kreft;632;697;836;797;808;845;884;811;802;784;767
20-29 aar;Menn;Underlivsplager hos kvinner;.;.;.;.;.;.;.;.;.;.;.
20-29 aar;Menn;Funksjonelle mage-tarmplager;21899;22784;25040;25191;26556;26964;28282;28631;25980;26924;27589
20-29 aar;Menn;Hudinfeksjoner;14106;14566;15779;15909;15612;16421;16673;17741;20017;18817;16939
20-29 aar;Menn;Ulykker og skader;32955;33232;33570;32778;33056;33843;34392;33018;29923;31179;29031
20-29 aar;Menn;Medfoedt sykdom eller feil;1472;1637;1706;1740;1876;1958;2061;2039;1951;2084;1889
20-29 aar;Menn;Svangerskap, foedsel, prevensjon;.;.;.;.;.;.;.;.;.;.;.
20-29 aar;Menn;Frykt for sykdom;8522;9146;9384;9239;8695;9013;9615;10125;32240;18464;10267
20-29 aar;Menn;Administrativ kontakt;11180;12521;14025;14601;15071;14338;15481;18729;24951;29832;29424
20-29 aar;Menn;Forebyggende kontakt;4333;9471;10638;11070;11585;11694;11822;11875;10995;13436;12768
20-29 aar;Menn;Andre diagnoser;142449;140540;147732;151183;152501;157118;159878;163072;192918;224248;238654
20-29 aar;Kvinner;Alle diagnoser;991891;1004753;1034102;1042812;1051644;1061009;1064980;1071321;1161022;1238302;1233957
20-29 aar;Kvinner;Luftveisinfeksjoner, inkl. oerebetennelse;98363;89533;87153;89963;95778;96080;93350;96972;71522;77849;114346
20-29 aar;Kvinner;Lokale smerter og betennelser;50268;52242;53928;53531;52638;52206;49791;50577;49632;53712;47975
20-29 aar;Kvinner;Ryggproblemer;29866;29927;30628;29953;29266;29015;27563;27079;26689;28939;25840
20-29 aar;Kvinner;Generelle smerter og muskelplager;10251;10099;10749;10704;10642;10938;10530;10633;10851;11977;10996
20-29 aar;Kvinner;Ledd- og giktsykdommer;5336;5582;5735;5693;5971;6335;6345;6319;6616;6575;5568
20-29 aar;Kvinner;Psykisk sykdom eller lidelse;113608;116430;121532;127837;132405;140218;149643;156739;169844;190703;186757
20-29 aar;Kvinner;Atopi, astma, allergi eller eksem;29055;30265;33669;32962;33194;34266;34032;37458;40066;41161;33675
20-29 aar;Kvinner;Hoeyt blodtrykk;1857;1731;1623;1658;1799;1733;1731;1790;1565;1632;1602
20-29 aar;Kvinner;Hjertesykdom;1234;1321;1389;1239;1293;1168;1140;1250;1239;1254;1108
20-29 aar;Kvinner;Diabetes;2557;2536;2670;2801;2784;2822;2803;2861;3460;3408;3122
20-29 aar;Kvinner;Kreft;816;888;1032;974;960;1081;1051;997;1209;1278;1233
20-29 aar;Kvinner;Underlivsplager hos kvinner;43716;45800;47606;48306;47754;49892;49989;48917;52200;55216;53038
20-29 aar;Kvinner;Funksjonelle mage-tarmplager;48393;49808;52547;52210;52205;52908;53912;54425;53101;55278;55693
20-29 aar;Kvinner;Hudinfeksjoner;14283;14673;15572;16062;15612;15760;16362;16985;18973;18653;16502
20-29 aar;Kvinner;Ulykker og skader;19483;20271;20475;20729;21424;21537;22269;22422;21235;23062;21864
20-29 aar;Kvinner;Medfoedt sykdom eller feil;1659;1713;1861;1741;1818;1991;1948;1909;2044;2266;2095
20-29 aar;Kvinner;Svangerskap, foedsel, prevensjon;237036;234070;228383;225722;216729;207202;201505;185640;190634;190296;164299
20-29 aar;Kvinner;Frykt for sykdom;9901;10938;10953;10739;10782;10817;11357;11588;43162;23132;13203
20-29 aar;Kvinner;Administrativ kontakt;12812;14309;17079;18126;18097;18499;23919;32430;47980;56965;53740
20-29 aar;Kvinner;Forebyggende kontakt;24228;32570;35877;39665;43982;44821;41113;38029;37717;43648;41630
20-29 aar;Kvinner;Andre diagnoser;237169;240047;253641;252197;256511;261720;264627;266301;311283;351298;379671
30-49 aar;Menn;Alle diagnoser;1388801;1377643;1395815;1402809;1405747;1413833;1421746;1447861;1579613;1667994;1705779
30-49 aar;Menn;Luftveisinfeksjoner, inkl. oerebetennelse;143745;130693;121627;128530;127246;124750;127604;124608;99094;91714;123496
30-49 aar;Menn;Lokale smerter og betennelser;165495;168971;171599;172715;171491;172269;170868;170635;171501;180357;170598
30-49 aar;Menn;Ryggproblemer;100414;101406;103988;107335;106543;107372;106231;107432;113280;117127;110577
30-49 aar;Menn;Generelle smerter og muskelplager;18247;18110;18056;18321;18436;18393;16934;17159;17581;18670;18238
30-49 aar;Menn;Ledd- og giktsykdommer;17783;18258;18492;18858;19179;18717;17999;17050;17234;17092;14719
30-49 aar;Menn;Psykisk sykdom eller lidelse;220605;219295;221648;223313;224173;228498;234005;243379;265996;276304;278635
30-49 aar;Menn;Atopi, astma, allergi eller eksem;39276;38510;41603;40358;40037;42063;40765;46623;46200;48952;42230
30-49 aar;Menn;Hoeyt blodtrykk;43184;42376;39329;37402;36642;35483;34020;32907;31554;32304;31982
30-49 aar;Menn;Hjertesykdom;18867;18091;16851;15584;14623;13848;13269;12914;12511;11950;10814
30-49 aar;Menn;Diabetes;29367;28753;28997;29591;29559;29896;28302;27662;29194;30607;29018
30-49 aar;Menn;Kreft;5855;5824;6090;6267;6354;6292;6616;6840;7534;7932;7191
30-49 aar;Menn;Underlivsplager hos kvinner;.;.;.;.;.;.;.;.;.;.;.
30-49 aar;Menn;Funksjonelle mage-tarmplager;49182;50505;52516;52195;53702;54036;54021;56512;57240;59303;60514
30-49 aar;Menn;Hudinfeksjoner;27504;28331;29046;28835;28537;28889;29574;30279;29595;29475;28452
30-49 aar;Menn;Ulykker og skader;67750;69302;71220;71279;72394;72830;73268;71149;68819;68517;65010
30-49 aar;Menn;Medfoedt sykdom eller feil;2579;2624;2708;2705;2844;2897;2896;2875;3240;3422;3023
30-49 aar;Menn;Svangerskap, foedsel, prevensjon;.;.;.;.;.;.;.;.;.;.;.
30-49 aar;Menn;Frykt for sykdom;10802;11087;11020;10902;10101;10818;11185;11862;55946;28608;13374
30-49 aar;Menn;Administrativ kontakt;31682;29802;33989;35453;38436;35491;39918;47313;65708;76249;72278
30-49 aar;Menn;Forebyggende kontakt;10474;30288;30147;29816;28440;28826;27716;27271;28030;34854;33731
30-49 aar;Menn;Andre diagnoser;384343;364122;375355;371469;374565;379625;383254;390147;456188;531711;589583
30-49 aar;Kvinner;Alle diagnoser;2313868;2320413;2364723;2377029;2397283;2436341;2462286;2532110;2822329;3035270;3070369
30-49 aar;Kvinner;Luftveisinfeksjoner, inkl. oerebetennelse;220761;200755;187168;197020;197884;193378;195143;195200;159571;157168;208665
30-49 aar;Kvinner;Lokale smerter og betennelser;214925;219197;223158;220672;217827;218948;209045;208817;212081;225291;203193
30-49 aar;Kvinner;Ryggproblemer;100178;101256;102979;102700;101558;103349;100724;102548;107500;115579;107425
30-49 aar;Kvinner;Generelle smerter og muskelplager;59474;61735;61742;62707;62799;64387;60912;62133;63301;67510;61619
30-49 aar;Kvinner;Ledd- og giktsykdommer;33980;34007;34497;34888;34821;34853;33440;32668;33569;34183;29116
30-49 aar;Kvinner;Psykisk sykdom eller lidelse;333385;331789;337410;340681;348614;359759;371707;393116;433846;467092;463125
30-49 aar;Kvinner;Atopi, astma, allergi eller eksem;57372;57029;61168;59493;58653;59906;60068;66524;72463;73837;61720
30-49 aar;Kvinner;Hoeyt blodtrykk;33253;33545;30903;28981;28407;26481;25670;25045;24923;25783;24843
30-49 aar;Kvinner;Hjertesykdom;7928;8403;8000;7213;7161;7162;7115;7195;7498;7491;6536
30-49 aar;Kvinner;Diabetes;21032;20780;20579;20773;20069;20826;19818;19538;21571;22637;22094
30-49 aar;Kvinner;Kreft;12886;12750;13389;14033;15144;15607;15946;16425;19987;20951;19559
30-49 aar;Kvinner;Underlivsplager hos kvinner;74131;77354;79792;78836;79377;83864;86152;88573;93138;99968;98735
30-49 aar;Kvinner;Funksjonelle mage-tarmplager;80001;81961;87740;86970;89777;91939;93223;97069;101462;103859;107041
30-49 aar;Kvinner;Hudinfeksjoner;27540;27606;28343;28264;28498;29330;29778;30124;30625;31187;29213
30-49 aar;Kvinner;Ulykker og skader;50739;53366;52244;54140;56230;57084;59753;58625;57541;60974;56128
30-49 aar;Kvinner;Medfoedt sykdom eller feil;3385;3293;3458;3336;3612;3612;3612;3894;3939;4290;4068
30-49 aar;Kvinner;Svangerskap, foedsel, prevensjon;284927;282985;282768;286101;285247;281819;287136;285384;311834;328072;296583
30-49 aar;Kvinner;Frykt for sykdom;12615;13645;13968;13363;13182;13651;13559;14060;85386;38851;17834
30-49 aar;Kvinner;Administrativ kontakt;27127;27103;31576;32850;35226;36453;51703;74280;114811;136610;126266
30-49 aar;Kvinner;Forebyggende kontakt;67184;85265;98395;98627;98115;105154;97938;93328;97008;118757;102702
30-49 aar;Kvinner;Andre diagnoser;591045;586589;605446;605381;615082;628779;639844;657564;770275;895180;1023904
50-66 aar;Menn;Alle diagnoser;1496926;1486001;1487542;1503951;1527442;1535582;1546686;1575141;1681686;1750660;1759675
50-66 aar;Menn;Luftveisinfeksjoner, inkl. oerebetennelse;94796;88995;79451;91209;86046;89768;92233;90999;61788;55811;81520
50-66 aar;Menn;Lokale smerter og betennelser;151944;155112;160119;163181;167944;169403;171718;175275;184691;194089;188780
50-66 aar;Menn;Ryggproblemer;68904;69586;73318;75748;76112;78188;79081;81331;88372;90665;88472
50-66 aar;Menn;Generelle smerter og muskelplager;14729;14751;14444;14641;15115;15487;15330;16003;16700;18152;18568
50-66 aar;Menn;Ledd- og giktsykdommer;38339;39075;40125;42118;43364;43323;41957;41651;42791;43670;40552
50-66 aar;Menn;Psykisk sykdom eller lidelse;131046;133362;134525;138901;141396;144782;146615;151687;164141;166551;163240
50-66 aar;Menn;Atopi, astma, allergi eller eksem;29153;29955;30823;32176;32695;34124;34143;36952;37698;37552;35446
50-66 aar;Menn;Hoeyt blodtrykk;134098;132115;123082;117043;115673;113372;110123;107852;104803;107361;103502
50-66 aar;Menn;Hjertesykdom;119628;109412;98573;89116;83192;76828;72937;69735;69814;67917;62461
50-66 aar;Menn;Diabetes;81572;79866;82688;85572;87985;92171;90446;92824;99004;104912;104405
50-66 aar;Menn;Kreft;29152;29651;30387;31296;31332;31869;32590;32433;38516;38931;35991
50-66 aar;Menn;Underlivsplager hos kvinner;.;.;.;.;.;.;.;.;.;.;.
50-66 aar;Menn;Funksjonelle mage-tarmplager;40321;40005;42180;41128;42558;43160;42871;45448;46886;48422;49165
50-66 aar;Menn;Hudinfeksjoner;22984;23315;23961;24171;24355;24975;25869;27006;26576;25742;25317
50-66 aar;Menn;Ulykker og skader;50972;52216;53681;55444;57389;57312;58994;58255;59656;58574;57146
50-66 aar;Menn;Medfoedt sykdom eller feil;1450;1666;1525;1554;1581;1709;1897;1885;1907;2130;1918
50-66 aar;Menn;Svangerskap, foedsel, prevensjon;.;.;.;.;.;.;.;.;.;.;.
50-66 aar;Menn;Frykt for sykdom;7302;7259;7241;6738;6467;6564;6731;6808;33050;16830;8052
50-66 aar;Menn;Administrativ kontakt;31321;29740;36226;39051;48192;41784;45303;52662;68070;84618;80924
50-66 aar;Menn;Forebyggende kontakt;12163;24797;26077;27323;28170;27764;28556;29029;32560;40859;41050
50-66 aar;Menn;Andre diagnoser;433622;422879;426687;424580;433804;437985;443212;450318;497508;541348;567883
50-66 aar;Kvinner;Alle diagnoser;1851838;1843263;1860687;1882432;1907273;1954730;1976787;2040789;2197244;2344625;2392525
50-66 aar;Kvinner;Luftveisinfeksjoner, inkl. oerebetennelse;151965;141758;127620;142357;136467;140801;144380;142691;101096;95627;139814
50-66 aar;Kvinner;Lokale smerter og betennelser;199001;202474;207506;211812;214975;221297;219105;225723;233304;254258;240576
50-66 aar;Kvinner;Ryggproblemer;74576;75183;77131;78012;79216;81636;81050;85028;90370;97068;92704
50-66 aar;Kvinner;Generelle smerter og muskelplager;48351;48665;48797;50090;51683;53708;52102;54437;56341;62606;60116
50-66 aar;Kvinner;Ledd- og giktsykdommer;76323;77756;77965;80481;82384;81277;75555;74939;75870;79140;72007
50-66 aar;Kvinner;Psykisk sykdom eller lidelse;202823;204849;209205;212959;216835;221849;228197;239380;266611;277637;269225
50-66 aar;Kvinner;Atopi, astma, allergi eller eksem;44262;44542;46274;46980;47059;48166;48857;51960;55070;55153;49594
50-66 aar;Kvinner;Hoeyt blodtrykk;120180;115767;105482;99005;95922;93848;90815;89375;88256;90221;86883
50-66 aar;Kvinner;Hjertesykdom;42438;39195;35656;31623;29971;27840;26622;26095;26056;25862;23673
50-66 aar;Kvinner;Diabetes;55084;53554;54789;55449;55583;57823;56971;59477;65005;70370;70490
50-66 aar;Kvinner;Kreft;33416;33776;35474;36830;38244;38645;39862;40530;45300;48283;44666
50-66 aar;Kvinner;Underlivsplager hos kvinner;32491;33030;35813;34326;34502;36275;37058;40970;43137;46557;47924
50-66 aar;Kvinner;Funksjonelle mage-tarmplager;64373;64418;67395;67009;69041;70423;72183;76574;79353;83397;83409
50-66 aar;Kvinner;Hudinfeksjoner;23588;23906;24421;24746;24556;25421;26557;28206;27717;27789;27028
50-66 aar;Kvinner;Ulykker og skader;51570;53902;54238;56846;58929;61496;64716;64257;63210;68233;66557
50-66 aar;Kvinner;Medfoedt sykdom eller feil;2021;1980;2046;2175;2142;2106;2237;2415;2398;2495;2417
50-66 aar;Kvinner;Svangerskap, foedsel, prevensjon;4994;3998;4375;5141;5924;7172;8333;9216;9497;9342;7758
50-66 aar;Kvinner;Frykt for sykdom;9661;9649;9528;8808;8812;8925;8879;9175;51171;22537;10852
50-66 aar;Kvinner;Administrativ kontakt;22749;22564;27617;29293;34224;31763;38807;51832;76302;97483;93351
50-66 aar;Kvinner;Forebyggende kontakt;49261;61332;72447;70411;69605;76231;73421;69900;78550;96698;86485
50-66 aar;Kvinner;Andre diagnoser;542711;530965;536908;538079;551199;568028;581080;598609;662630;733869;816996
67-79 aar;Menn;Alle diagnoser;940795;974048;1007259;1035739;1057404;1079791;1094305;1106104;1151832;1173763;1175539
67-79 aar;Menn;Luftveisinfeksjoner, inkl. oerebetennelse;41932;40545;39461;44840;43457;48143;47793;48198;29743;26516;41519
67-79 aar;Menn;Lokale smerter og betennelser;47642;51402;55557;58278;60618;62617;63822;66571;68630;72272;71782
67-79 aar;Menn;Ryggproblemer;16625;18066;19710;21820;22391;23804;23179;24483;25820;27733;28513
67-79 aar;Menn;Generelle smerter og muskelplager;4546;4706;4880;5122;5363;5667;5379;5610;6005;6511;6677
67-79 aar;Menn;Ledd- og giktsykdommer;20133;22192;23070;25147;25687;25916;23551;22944;24046;24963;23315
67-79 aar;Menn;Psykisk sykdom eller lidelse;27605;29684;32453;33994;36863;38269;39477;41901;47915;50397;49394
67-79 aar;Menn;Atopi, astma, allergi eller eksem;15408;16726;17290;18608;19983;21575;21285;23105;22875;23170;23182
67-79 aar;Menn;Hoeyt blodtrykk;89883;93917;93506;92913;95199;96357;98783;99848;99385;98720;95340
67-79 aar;Menn;Hjertesykdom;184147;179760;168815;160130;148513;137020;126981;115836;111278;103601;93995
67-79 aar;Menn;Diabetes;56776;59503;63907;68046;71949;78065;79507;83103;89249;93868;96022
67-79 aar;Menn;Kreft;37258;39747;42149;45482;47333;49150;50709;50144;57296;57579;52834
67-79 aar;Menn;Underlivsplager hos kvinner;.;.;.;.;.;.;.;.;.;.;.
67-79 aar;Menn;Funksjonelle mage-tarmplager;21536;22561;24112;24760;26326;27205;27088;28752;31421;31982;32616
67-79 aar;Menn;Hudinfeksjoner;12911;13691;14432;15113;15841;16876;18197;18319;19015;19153;18445
67-79 aar;Menn;Ulykker og skader;20624;22362;24350;24454;25244;25984;28355;28346;27793;28059;28129
67-79 aar;Menn;Medfoedt sykdom eller feil;354;383;428;438;456;529;533;582;538;630;646
67-79 aar;Menn;Svangerskap, foedsel, prevensjon;.;.;.;.;.;.;.;.;.;.;.
67-79 aar;Menn;Frykt for sykdom;3309;3506;3655;3338;3429;3427;3439;3459;12535;6591;3877
67-79 aar;Menn;Administrativ kontakt;26712;24830;29465;30980;33986;32038;36852;38402;42483;49914;53202
67-79 aar;Menn;Forebyggende kontakt;8718;15435;16040;17804;18942;19436;21500;21701;30565;35645;36252
67-79 aar;Menn;Andre diagnoser;302644;313612;332452;342439;353044;364348;373443;379634;399897;411477;415464
67-79 aar;Kvinner;Alle diagnoser;1084104;1118446;1153368;1184622;1210884;1241920;1254577;1272982;1319419;1369853;1384054
67-79 aar;Kvinner;Luftveisinfeksjoner, inkl. oerebetennelse;59141;57593;54631;61561;60929;65867;65910;66770;40183;34377;57396
67-79 aar;Kvinner;Lokale smerter og betennelser;69124;73797;77265;81432;84740;87003;87178;90228;89228;97493;99927
67-79 aar;Kvinner;Ryggproblemer;26501;27757;29573;32297;33107;34963;34407;35774;35990;40328;40440
67-79 aar;Kvinner;Generelle smerter og muskelplager;11955;12297;12206;13057;13110;13916;12875;13210;13962;15365;15199
67-79 aar;Kvinner;Ledd- og giktsykdommer;48957;50649;52815;55356;57105;55049;49068;47545;47426;48933;45919
67-79 aar;Kvinner;Psykisk sykdom eller lidelse;57563;61152;65070;68512;71951;73564;74628;76761;89239;92159;89224
67-79 aar;Kvinner;Atopi, astma, allergi eller eksem;23165;24171;25385;27589;28440;29781;30492;32732;32437;32599;30999
67-79 aar;Kvinner;Hoeyt blodtrykk;119329;122010;117684;114596;114530;116137;118310;118250;117521;119804;114639
67-79 aar;Kvinner;Hjertesykdom;105876;102130;93924;86629;78320;71957;65671;60112;58247;54983;49982
67-79 aar;Kvinner;Diabetes;47774;48075;49984;52961;54327;57238;57560;59097;62840;67224;67783
67-79 aar;Kvinner;Kreft;22992;23935;26275;28610;29794;30685;31591;31762;36234;37853;35172
67-79 aar;Kvinner;Underlivsplager hos kvinner;9984;10680;11693;11803;12115;12947;13278;13749;14454;14775;14995
67-79 aar;Kvinner;Funksjonelle mage-tarmplager;39365;41086;44224;44350;47387;49426;48839;51635;56742;59175;59128
67-79 aar;Kvinner;Hudinfeksjoner;14112;14962;15619;16611;16943;17815;18934;19624;19722;19890;19481
67-79 aar;Kvinner;Ulykker og skader;24343;26561;28825;29517;30542;31213;33341;33573;32499;34473;34092
67-79 aar;Kvinner;Medfoedt sykdom eller feil;633;625;725;658;749;743;760;774;791;873;874
67-79 aar;Kvinner;Svangerskap, foedsel, prevensjon;.;.;.;.;.;.;.;.;.;.;.
67-79 aar;Kvinner;Frykt for sykdom;5398;5718;6034;5714;5748;5945;5831;5985;17990;10110;6704
67-79 aar;Kvinner;Administrativ kontakt;22003;20793;24661;26150;27114;26531;29855;31142;35620;43706;47151
67-79 aar;Kvinner;Forebyggende kontakt;17608;25716;29502;30279;31572;32669;34155;33108;44117;51746;50955
67-79 aar;Kvinner;Andre diagnoser;355266;366628;385061;394079;408319;423727;435785;444015;466477;486940;498303
80-89 aar;Menn;Alle diagnoser;417285;418708;416264;411459;408681;410530;412076;414950;428621;429756;437167
80-89 aar;Menn;Luftveisinfeksjoner, inkl. oerebetennelse;14901;14030;13129;14452;13886;15273;15160;15321;9276;7912;12948
80-89 aar;Menn;Lokale smerter og betennelser;14709;14838;14992;15433;15800;16781;17081;17882;18670;19593;20391
80-89 aar;Menn;Ryggproblemer;5911;6216;6159;6670;6574;7271;7246;7371;7842;8792;9260
80-89 aar;Menn;Generelle smerter og muskelplager;1527;1466;1374;1401;1426;1558;1452;1464;1669;1720;1682
80-89 aar;Menn;Ledd- og giktsykdommer;7447;7447;7838;7462;7628;7564;6741;6856;6965;7017;6534
80-89 aar;Menn;Psykisk sykdom eller lidelse;13311;13648;14247;14504;14524;15459;15762;16666;18701;19800;20138
80-89 aar;Menn;Atopi, astma, allergi eller eksem;6577;6493;6676;6931;6970;7525;7405;8078;8092;8545;8410
80-89 aar;Menn;Hoeyt blodtrykk;26506;25976;24532;24111;24076;24349;25231;25965;27414;27306;27303
80-89 aar;Menn;Hjertesykdom;112738;110246;102491;96629;89149;82816;76565;69597;64510;58856;54363
80-89 aar;Menn;Diabetes;15977;16283;16712;17115;17857;18262;18786;19987;21998;23101;24356
80-89 aar;Menn;Kreft;21205;21724;22417;22445;22710;22997;23959;24228;26198;26296;25033
80-89 aar;Menn;Underlivsplager hos kvinner;.;.;.;.;.;.;.;.;.;.;.
80-89 aar;Menn;Funksjonelle mage-tarmplager;8874;8780;9097;8909;9081;9262;9169;9716;10492;10918;11331
80-89 aar;Menn;Hudinfeksjoner;5146;5165;5422;5080;5225;5659;5997;6212;6176;6319;6237
80-89 aar;Menn;Ulykker og skader;8731;9048;9663;9388;9510;9674;10489;10809;11007;11075;11338
80-89 aar;Menn;Medfoedt sykdom eller feil;67;96;56;77;86;68;88;91;144;147;159
80-89 aar;Menn;Svangerskap, foedsel, prevensjon;.;.;.;.;.;.;.;.;.;.;.
80-89 aar;Menn;Frykt for sykdom;1024;968;936;814;894;793;865;838;3231;1729;1037
80-89 aar;Menn;Administrativ kontakt;12160;13769;14676;15232;16152;14761;17125;17195;19533;19026;21465
80-89 aar;Menn;Forebyggende kontakt;3155;5724;6005;6350;6542;6932;7193;7138;10104;12036;11839
80-89 aar;Menn;Andre diagnoser;136765;136388;139439;137969;139937;142634;144652;148230;155123;158238;162112
80-89 aar;Kvinner;Alle diagnoser;593446;584295;577463;569009;561371;560401;559171;563783;573434;577201;584661
80-89 aar;Kvinner;Luftveisinfeksjoner, inkl. oerebetennelse;22359;20845;18884;20913;19904;21574;21610;21888;13003;10679;17236
80-89 aar;Kvinner;Lokale smerter og betennelser;29078;28712;29386;29954;29948;30990;30667;32469;32070;34372;35878
80-89 aar;Kvinner;Ryggproblemer;13357;13299;13766;14247;14259;15265;15451;15843;16617;17707;18085
80-89 aar;Kvinner;Generelle smerter og muskelplager;4660;4426;4420;4270;4476;4414;4113;4511;4645;4957;5176
80-89 aar;Kvinner;Ledd- og giktsykdommer;22004;21921;22035;22580;22290;22159;19104;18626;18298;18528;17342
80-89 aar;Kvinner;Psykisk sykdom eller lidelse;31038;31643;33134;33136;33751;34058;34957;36252;40501;41192;40255
80-89 aar;Kvinner;Atopi, astma, allergi eller eksem;10142;10338;10215;10415;10645;11044;11323;12138;11706;11385;11401
80-89 aar;Kvinner;Hoeyt blodtrykk;58997;56678;53645;50922;49609;50538;50724;51889;51941;51858;50242
80-89 aar;Kvinner;Hjertesykdom;115497;108747;98903;91670;81969;72660;64930;57197;51853;46813;41637
80-89 aar;Kvinner;Diabetes;21346;20755;20411;20687;20681;21331;21221;21224;21987;22507;22788
80-89 aar;Kvinner;Kreft;10529;10732;11065;11349;11851;12284;12630;12777;14484;14167;13744
80-89 aar;Kvinner;Underlivsplager hos kvinner;3760;3699;3705;3816;3740;3956;3889;4184;4429;4417;4599
80-89 aar;Kvinner;Funksjonelle mage-tarmplager;16498;16977;17204;16621;17226;17792;18236;18857;20269;21511;21794
80-89 aar;Kvinner;Hudinfeksjoner;6879;7092;7032;6881;7270;6960;7885;7928;7845;7894;8167
80-89 aar;Kvinner;Ulykker og skader;15133;15001;16244;15467;15620;15611;16300;16599;16281;17409;17179
80-89 aar;Kvinner;Medfoedt sykdom eller feil;152;156;175;142;142;150;207;229;257;228;236
80-89 aar;Kvinner;Svangerskap, foedsel, prevensjon;.;.;.;.;.;.;.;.;.;.;.
80-89 aar;Kvinner;Frykt for sykdom;1896;1945;1881;1679;1709;1690;1752;1745;5319;3057;1845
80-89 aar;Kvinner;Administrativ kontakt;10428;12359;13936;15317;15858;14529;16026;16791;18832;20129;22824
80-89 aar;Kvinner;Forebyggende kontakt;5070;8201;8534;9156;9228;9174;9620;9771;13453;16129;16535
80-89 aar;Kvinner;Andre diagnoser;193211;189837;191849;188583;189497;192260;195931;199646;206200;209169;215039
90 aar eller eldre;Menn;Alle diagnoser;54538;56545;60426;65036;67274;68230;68634;69653;72197;72194;73810
90 aar eller eldre;Menn;Luftveisinfeksjoner, inkl. oerebetennelse;2039;2010;1911;2391;2362;2414;2383;2526;1519;1298;1930
90 aar eller eldre;Menn;Lokale smerter og betennelser;1614;1590;1853;1995;2294;2124;2329;2319;2436;2737;2844
90 aar eller eldre;Menn;Ryggproblemer;699;789;788;839;923;1016;1031;1045;1062;1145;1392
90 aar eller eldre;Menn;Generelle smerter og muskelplager;152;158;136;215;190;207;184;195;193;235;218
90 aar eller eldre;Menn;Ledd- og giktsykdommer;674;665;767;862;974;878;761;885;824;846;789
90 aar eller eldre;Menn;Psykisk sykdom eller lidelse;1984;1774;1910;2140;2409;2664;2685;2656;3313;3403;3388
90 aar eller eldre;Menn;Atopi, astma, allergi eller eksem;893;956;967;1060;1235;1232;1235;1440;1443;1422;1488
90 aar eller eldre;Menn;Hoeyt blodtrykk;2728;2783;3009;3058;3030;3188;3237;3056;3516;3236;3515
90 aar eller eldre;Menn;Hjertesykdom;15259;15963;16278;16755;16346;15874;14890;14282;13440;12143;11583
90 aar eller eldre;Menn;Diabetes;1472;1509;1583;1738;1737;1806;1893;1976;2170;2231;2514
90 aar eller eldre;Menn;Kreft;2731;2840;3143;3622;3665;4068;4088;4106;4768;4594;4519
90 aar eller eldre;Menn;Underlivsplager hos kvinner;.;.;.;.;.;.;.;.;.;.;.
90 aar eller eldre;Menn;Funksjonelle mage-tarmplager;1191;1198;1327;1420;1505;1599;1587;1626;1687;1844;1818
90 aar eller eldre;Menn;Hudinfeksjoner;698;654;787;866;952;1004;1064;1094;1105;997;998
90 aar eller eldre;Menn;Ulykker og skader;1498;1642;1767;1750;1914;1967;2134;2264;2176;2227;2341
90 aar eller eldre;Menn;Medfoedt sykdom eller feil;1;8;6;9;9;2;7;3;10;2;11
90 aar eller eldre;Menn;Svangerskap, foedsel, prevensjon;.;.;.;.;.;.;.;.;.;.;.
90 aar eller eldre;Menn;Frykt for sykdom;98;92;118;128;109;136;94;90;497;256;136
90 aar eller eldre;Menn;Administrativ kontakt;1195;1511;1825;2208;2331;2152;2309;2395;2623;2839;3219
90 aar eller eldre;Menn;Forebyggende kontakt;416;702;778;1036;1114;1077;1151;1140;1508;1993;1914
90 aar eller eldre;Menn;Andre diagnoser;19112;19658;21429;22896;24090;24722;25432;26430;27702;28541;29013
90 aar eller eldre;Kvinner;Alle diagnoser;109129;112234;116259;119320;121359;121629;121157;119897;122134;124261;124268
90 aar eller eldre;Kvinner;Luftveisinfeksjoner, inkl. oerebetennelse;3693;3627;3397;4080;3731;4157;4105;4095;2453;1943;3150
90 aar eller eldre;Kvinner;Lokale smerter og betennelser;4778;5006;5036;5326;5508;5683;5559;5822;6009;6248;6392
90 aar eller eldre;Kvinner;Ryggproblemer;1962;1974;2095;2340;2555;2739;2565;2752;2953;3138;3118
90 aar eller eldre;Kvinner;Generelle smerter og muskelplager;621;557;589;641;676;696;640;754;847;950;990
90 aar eller eldre;Kvinner;Ledd- og giktsykdommer;2865;2883;2929;3143;3238;3342;3078;2733;2755;2823;2690
90 aar eller eldre;Kvinner;Psykisk sykdom eller lidelse;5625;5648;6173;6192;6775;6728;6910;7023;7887;8304;8657
90 aar eller eldre;Kvinner;Atopi, astma, allergi eller eksem;1761;1831;1965;2045;2203;2345;2416;2463;2361;2354;2310
90 aar eller eldre;Kvinner;Hoeyt blodtrykk;10177;10360;10218;10141;10144;9874;10072;10062;9723;9939;9853
90 aar eller eldre;Kvinner;Hjertesykdom;25296;25713;25459;25241;24340;23065;21431;19714;18069;16643;14836
90 aar eller eldre;Kvinner;Diabetes;2821;2730;2651;2692;2905;3012;3080;3154;3355;3435;3325
90 aar eller eldre;Kvinner;Kreft;1854;1959;2094;2349;2353;2367;2481;2441;2692;2857;2566
90 aar eller eldre;Kvinner;Underlivsplager hos kvinner;590;602;622;628;569;757;737;732;724;734;774
90 aar eller eldre;Kvinner;Funksjonelle mage-tarmplager;2541;2580;2828;2857;2954;3137;3153;3126;3648;3936;3830
90 aar eller eldre;Kvinner;Hudinfeksjoner;1601;1607;1580;1598;1767;1691;1701;1790;1844;1710;1742
90 aar eller eldre;Kvinner;Ulykker og skader;3609;3653;3937;3834;4098;4094;4431;4479;4369;4406;4378
90 aar eller eldre;Kvinner;Medfoedt sykdom eller feil;8;9;15;22;11;12;11;17;15;15;26
90 aar eller eldre;Kvinner;Svangerskap, foedsel, prevensjon;.;.;.;.;.;.;.;.;.;.;.
90 aar eller eldre;Kvinner;Frykt for sykdom;266;316;317;279;269;258;229;256;1053;646;362
90 aar eller eldre;Kvinner;Administrativ kontakt;1553;2096;2650;2921;3036;2762;2894;3013;3274;3831;4706
90 aar eller eldre;Kvinner;Forebyggende kontakt;826;1507;1681;1825;2065;2060;1975;1982;2800;3660;3355
90 aar eller eldre;Kvinner;Andre diagnoser;36483;37446;39887;40984;41862;42497;43185;42843;44668;46079;46695
